screen	kind	x	y	w	h	font	color	fill	just	text
SERIAL DECODE	rect	4	328	788	1	1	4737096	100	0	
SERIAL DECODE	rect	4	346	788	1	1	4737096	100	0	
SERIAL DECODE	rect	4	328	1	18	1	4737096	100	0	
SERIAL DECODE	rect	792	328	1	18	1	4737096	100	0	
SERIAL DECODE	rect	462	328	1	18	1	4737096	100	0	
SERIAL DECODE	rect	668	328	1	18	1	4737096	100	0	
SERIAL DECODE	rect	4	1	788	1	1	4737096	100	0	
SERIAL DECODE	rect	4	35	788	1	1	4737096	100	0	
SERIAL DECODE	rect	4	51	788	1	1	4737096	100	0	
SERIAL DECODE	rect	4	1	1	50	1	4737096	100	0	
SERIAL DECODE	rect	792	1	1	50	1	4737096	100	0	
SERIAL DECODE	rect	83	35	1	16	1	4737096	100	0	
SERIAL DECODE	rect	48	54	1	266	1	2573	100	0	
SERIAL DECODE	rect	452	54	1	266	1	2573	100	0	
SERIAL DECODE	rect	106	1	1	34	1	4737096	100	0	
SERIAL DECODE	rect	179	1	1	34	1	4737096	100	0	
SERIAL DECODE	rect	232	1	1	34	1	4737096	100	0	
SERIAL DECODE	rect	325	1	1	34	1	4737096	100	0	
SERIAL DECODE	rect	408	1	1	34	1	4737096	100	0	
SERIAL DECODE	rect	481	1	1	34	1	4737096	100	0	
SERIAL DECODE	rect	564	1	1	34	1	4737096	100	0	
SERIAL DECODE	rect	627	1	1	34	1	4737096	100	0	
SERIAL DECODE	rect	670	1	1	34	1	4737096	100	0	
SERIAL DECODE	text	8	14	0	0	1	7368816	-1	0	BAUD
SERIAL DECODE	text	8	32	0	0	2	56575	-1	0	9600
SERIAL DECODE	text	115	14	0	0	1	7368816	-1	0	FORMAT
SERIAL DECODE	text	115	32	0	0	2	56575	-1	0	8N1
SERIAL DECODE	text	188	14	0	0	1	7368816	-1	0	IDLE
SERIAL DECODE	text	188	32	0	0	1	16777215	-1	0	HIGH
SERIAL DECODE	text	241	14	0	0	1	7368816	-1	0	LOGIC
SERIAL DECODE	text	241	32	0	0	1	16777215	-1	0	3V3 CMOS
SERIAL DECODE	text	334	14	0	0	1	7368816	-1	0	THRESH
SERIAL DECODE	text	334	32	0	0	1	16777215	-1	0	1.65 V
SERIAL DECODE	text	417	14	0	0	1	7368816	-1	0	SA/BIT
SERIAL DECODE	text	417	32	0	0	1	16777215	-1	0	10.4
SERIAL DECODE	text	490	14	0	0	1	7368816	-1	0	RATE
SERIAL DECODE	text	490	32	0	0	1	16777215	-1	0	100 kS/s
SERIAL DECODE	text	573	14	0	0	1	7368816	-1	0	BYTES
SERIAL DECODE	text	573	32	0	0	1	8454016	-1	0	97
SERIAL DECODE	text	636	14	0	0	1	7368816	-1	0	ERR
SERIAL DECODE	text	636	32	0	0	1	8454016	-1	0	0
SERIAL DECODE	text	679	14	0	0	1	7368816	-1	0	FIT
SERIAL DECODE	text	679	32	0	0	1	11579568	-1	0	1.00
SERIAL DECODE	rect	97	14	5	1	1	16760832	100	0	
SERIAL DECODE	rect	97	15	1	4	1	16760832	100	0	
SERIAL DECODE	rect	101	15	1	4	1	16760832	100	0	
SERIAL DECODE	rect	95	19	9	7	1	16760832	100	0	
SERIAL DECODE	text	8	48	0	0	1	11579568	-1	0	FRAME
SERIAL DECODE	text	92	48	0	0	1	16760832	-1	0	unlocked -- auto-detecting again, back to the top sample rate -- now sampling at ...  (+1 more)
SERIAL DECODE	text	8	66	0	0	1	16777215	-1	0	GPS: $GPGGA,123519,4807.038,N,01131.000,E,1,08,0.9,545.4,M*47..Temp=21.5C Hum=48
SERIAL DECODE	text	64	66	0	0	1	16777215	-1	0	
SERIAL DECODE	text	260	66	0	0	1	16777215	-1	0	
SERIAL DECODE	text	460	66	0	0	1	16777215	-1	0	
SERIAL DECODE	text	8	84	0	0	1	16777215	-1	0	% Batt=3.97V OK..
SERIAL DECODE	text	64	84	0	0	1	16777215	-1	0	
SERIAL DECODE	text	260	84	0	0	1	16777215	-1	0	
SERIAL DECODE	text	460	84	0	0	1	16777215	-1	0	
SERIAL DECODE	text	8	102	0	0	1	16777215	-1	0	
SERIAL DECODE	text	64	102	0	0	1	16777215	-1	0	
SERIAL DECODE	text	260	102	0	0	1	16777215	-1	0	
SERIAL DECODE	text	460	102	0	0	1	16777215	-1	0	
SERIAL DECODE	text	8	120	0	0	1	16777215	-1	0	
SERIAL DECODE	text	64	120	0	0	1	16777215	-1	0	
SERIAL DECODE	text	260	120	0	0	1	16777215	-1	0	
SERIAL DECODE	text	460	120	0	0	1	16777215	-1	0	
SERIAL DECODE	text	8	138	0	0	1	16777215	-1	0	
SERIAL DECODE	text	64	138	0	0	1	16777215	-1	0	
SERIAL DECODE	text	260	138	0	0	1	16777215	-1	0	
SERIAL DECODE	text	460	138	0	0	1	16777215	-1	0	
SERIAL DECODE	text	8	156	0	0	1	16777215	-1	0	
SERIAL DECODE	text	64	156	0	0	1	16777215	-1	0	
SERIAL DECODE	text	260	156	0	0	1	16777215	-1	0	
SERIAL DECODE	text	460	156	0	0	1	16777215	-1	0	
SERIAL DECODE	text	8	174	0	0	1	16777215	-1	0	
SERIAL DECODE	text	64	174	0	0	1	16777215	-1	0	
SERIAL DECODE	text	260	174	0	0	1	16777215	-1	0	
SERIAL DECODE	text	460	174	0	0	1	16777215	-1	0	
SERIAL DECODE	text	8	192	0	0	1	16777215	-1	0	
SERIAL DECODE	text	64	192	0	0	1	16777215	-1	0	
SERIAL DECODE	text	260	192	0	0	1	16777215	-1	0	
SERIAL DECODE	text	460	192	0	0	1	16777215	-1	0	
SERIAL DECODE	text	8	210	0	0	1	16777215	-1	0	
SERIAL DECODE	text	64	210	0	0	1	16777215	-1	0	
SERIAL DECODE	text	260	210	0	0	1	16777215	-1	0	
SERIAL DECODE	text	460	210	0	0	1	16777215	-1	0	
SERIAL DECODE	text	8	228	0	0	1	16777215	-1	0	
SERIAL DECODE	text	64	228	0	0	1	16777215	-1	0	
SERIAL DECODE	text	260	228	0	0	1	16777215	-1	0	
SERIAL DECODE	text	460	228	0	0	1	16777215	-1	0	
SERIAL DECODE	text	8	246	0	0	1	16777215	-1	0	
SERIAL DECODE	text	64	246	0	0	1	16777215	-1	0	
SERIAL DECODE	text	260	246	0	0	1	16777215	-1	0	
SERIAL DECODE	text	460	246	0	0	1	16777215	-1	0	
SERIAL DECODE	text	8	264	0	0	1	16777215	-1	0	
SERIAL DECODE	text	64	264	0	0	1	16777215	-1	0	
SERIAL DECODE	text	260	264	0	0	1	16777215	-1	0	
SERIAL DECODE	text	460	264	0	0	1	16777215	-1	0	
SERIAL DECODE	text	8	282	0	0	1	16777215	-1	0	
SERIAL DECODE	text	64	282	0	0	1	16777215	-1	0	
SERIAL DECODE	text	260	282	0	0	1	16777215	-1	0	
SERIAL DECODE	text	460	282	0	0	1	16777215	-1	0	
SERIAL DECODE	text	8	300	0	0	1	16777215	-1	0	
SERIAL DECODE	text	64	300	0	0	1	16777215	-1	0	
SERIAL DECODE	text	260	300	0	0	1	16777215	-1	0	
SERIAL DECODE	text	460	300	0	0	1	16777215	-1	0	
SERIAL DECODE	text	8	318	0	0	1	16777215	-1	0	
SERIAL DECODE	text	64	318	0	0	1	16777215	-1	0	
SERIAL DECODE	text	260	318	0	0	1	16777215	-1	0	
SERIAL DECODE	text	460	318	0	0	1	16777215	-1	0	
SERIAL DECODE	text	8	342	0	0	1	11579568	-1	0	FRAME TEXT pg 1/1 bytes 1-97/97 win 192 [done]
SERIAL DECODE	text	468	342	0	0	1	11579568	-1	0	log: frames00  460 B
SERIAL DECODE	text	677	342	0	0	1	16760832	-1	0	EXT TRIG
SERIAL DECODE	button	660	58	125	0	1	16777215	-1	0	Page Up
SERIAL DECODE	button	645	160	140	0	1	16777215	-1	0	Lock Rate
SERIAL DECODE	button	660	262	125	0	1	16777215	-1	0	Page Dn
SERIAL DECODE	text	770	141	0	0	1	11579568	-1	2	
SERIAL DECODE	button	8	362	120	0	1	16777215	-1	0	Capture
SERIAL DECODE	button	152	362	90	0	1	16777215	-1	0	View
SERIAL DECODE	button	266	362	100	0	1	16777215	-1	0	Mode
SERIAL DECODE	button	390	362	112	0	1	16777215	-1	0	NewLog
SERIAL DECODE	button	526	362	112	0	1	16777215	-1	0	Save
SERIAL DECODE	button	662	362	112	0	1	16777215	-1	0	Options
SERIAL DECODE OPTIONS	editopt	270	8	0	0	1	16777215	-1	0	Protocol	sets the wire parameters	UART
SERIAL DECODE OPTIONS	editnum	270	60	0	0	1	16777215	-1	0	Baud Rate	0 = auto-detect	0 Bd
SERIAL DECODE OPTIONS	editopt	270	112	0	0	1	16777215	-1	0	Data Bits	auto, or fix it	Auto (7/8)
SERIAL DECODE OPTIONS	editopt	270	164	0	0	1	16777215	-1	0	Parity	auto or fixed	Auto
SERIAL DECODE OPTIONS	editopt	270	216	0	0	1	16777215	-1	0	Polarity	idle level	Auto
SERIAL DECODE OPTIONS	editopt	270	268	0	0	1	16777215	-1	0	Trigger	capture start	Free run
SERIAL DECODE OPTIONS	editopt	270	320	0	0	1	16777215	-1	0	Rear BNC	trig in / flow-control out	Off
SERIAL DECODE OPTIONS	button	22	366	200	0	1	16777215	-1	0	Auto Detect
SERIAL DECODE OPTIONS	button	234	366	220	0	1	16777215	-1	0	Lock Detected
SERIAL DECODE OPTIONS	button	466	366	150	0	1	16777215	-1	0	Apply
SERIAL DECODE OPTIONS	button	628	366	150	0	1	16777215	-1	0	Cancel
