screen	kind	x	y	w	h	font	color	fill	text
SERIAL PROTOCOL DECODE	rect	4	338	788	1	1	16777215	4737096	
SERIAL PROTOCOL DECODE	rect	4	360	788	1	1	16777215	4737096	
SERIAL PROTOCOL DECODE	rect	4	338	1	22	1	16777215	4737096	
SERIAL PROTOCOL DECODE	rect	792	338	1	22	1	16777215	4737096	
SERIAL PROTOCOL DECODE	rect	421	338	1	22	1	16777215	4737096	
SERIAL PROTOCOL DECODE	rect	660	338	1	22	1	16777215	4737096	
SERIAL PROTOCOL DECODE	rect	4	0	788	1	1	16777215	4737096	
SERIAL PROTOCOL DECODE	rect	4	38	788	1	1	16777215	4737096	
SERIAL PROTOCOL DECODE	rect	4	60	788	1	1	16777215	4737096	
SERIAL PROTOCOL DECODE	rect	4	0	1	60	1	16777215	4737096	
SERIAL PROTOCOL DECODE	rect	792	0	1	60	1	16777215	4737096	
SERIAL PROTOCOL DECODE	rect	83	38	1	22	1	16777215	4737096	
SERIAL PROTOCOL DECODE	rect	48	64	1	269	1	16777215	2573	
SERIAL PROTOCOL DECODE	rect	440	64	1	269	1	16777215	2573	
SERIAL PROTOCOL DECODE	rect	584	64	1	269	1	16777215	2573	
SERIAL PROTOCOL DECODE	rect	5	1	136	36	1	16777215	-1	
SERIAL PROTOCOL DECODE	rect	71	0	1	38	1	16777215	4737096	
SERIAL PROTOCOL DECODE	rect	141	0	1	38	1	16777215	4737096	
SERIAL PROTOCOL DECODE	rect	196	0	1	38	1	16777215	4737096	
SERIAL PROTOCOL DECODE	rect	303	0	1	38	1	16777215	4737096	
SERIAL PROTOCOL DECODE	rect	373	0	1	38	1	16777215	4737096	
SERIAL PROTOCOL DECODE	rect	435	0	1	38	1	16777215	4737096	
SERIAL PROTOCOL DECODE	rect	523	0	1	38	1	16777215	4737096	
SERIAL PROTOCOL DECODE	rect	607	0	1	38	1	16777215	4737096	
SERIAL PROTOCOL DECODE	rect	677	0	1	38	1	16777215	4737096	
SERIAL PROTOCOL DECODE	text	8	3	0	0	1	7368816	-1	BAUD
SERIAL PROTOCOL DECODE	text	8	18	0	0	2	4259648	-1	115200
SERIAL PROTOCOL DECODE	text	80	3	0	0	1	7368816	-1	FORMAT
SERIAL PROTOCOL DECODE	text	80	18	0	0	2	4259648	-1	--
SERIAL PROTOCOL DECODE	text	150	3	0	0	1	7368816	-1	IDLE
SERIAL PROTOCOL DECODE	text	150	18	0	0	2	4259648	-1	--
SERIAL PROTOCOL DECODE	text	205	3	0	0	1	7368816	-1	LOGIC
SERIAL PROTOCOL DECODE	text	205	18	0	0	2	16777215	-1	3V3 CMOS
SERIAL PROTOCOL DECODE	text	312	3	0	0	1	7368816	-1	THRESH
SERIAL PROTOCOL DECODE	text	312	18	0	0	2	16777215	-1	1.65 V
SERIAL PROTOCOL DECODE	text	382	3	0	0	1	7368816	-1	SA/BIT
SERIAL PROTOCOL DECODE	text	382	18	0	0	2	16777215	-1	4.3
SERIAL PROTOCOL DECODE	text	444	3	0	0	1	7368816	-1	RATE
SERIAL PROTOCOL DECODE	text	444	18	0	0	2	16777215	-1	500 kS/s
SERIAL PROTOCOL DECODE	text	532	3	0	0	1	7368816	-1	BYTES
SERIAL PROTOCOL DECODE	text	532	18	0	0	2	8454016	-1	--
SERIAL PROTOCOL DECODE	text	616	3	0	0	1	7368816	-1	ERR
SERIAL PROTOCOL DECODE	text	616	18	0	0	2	8454016	-1	--
SERIAL PROTOCOL DECODE	text	686	3	0	0	1	7368816	-1	FIT
SERIAL PROTOCOL DECODE	text	686	18	0	0	2	11579568	-1	1.00
SERIAL PROTOCOL DECODE	rect	58	3	5	1	1	16777215	4259648	
SERIAL PROTOCOL DECODE	rect	58	4	1	4	1	16777215	4259648	
SERIAL PROTOCOL DECODE	rect	62	4	1	4	1	16777215	4259648	
SERIAL PROTOCOL DECODE	rect	56	8	9	7	1	16777215	4259648	
SERIAL PROTOCOL DECODE	text	8	41	0	0	1	16760832	-1	32 kB
SERIAL PROTOCOL DECODE	text	92	41	0	0	1	16760832	-1	above 19200 Bd bytes ARE LOST between windows -- set Rear BNC = FC Out
SERIAL PROTOCOL DECODE	text	8	66	0	0	1	16777215	-1	
SERIAL PROTOCOL DECODE	text	56	66	0	0	1	16777215	-1	
SERIAL PROTOCOL DECODE	text	448	66	0	0	1	16777215	-1	
SERIAL PROTOCOL DECODE	text	8	84	0	0	1	16777215	-1	
SERIAL PROTOCOL DECODE	text	56	84	0	0	1	16777215	-1	
SERIAL PROTOCOL DECODE	text	448	84	0	0	1	16777215	-1	
SERIAL PROTOCOL DECODE	text	8	102	0	0	1	16777215	-1	
SERIAL PROTOCOL DECODE	text	56	102	0	0	1	16777215	-1	
SERIAL PROTOCOL DECODE	text	448	102	0	0	1	16777215	-1	
SERIAL PROTOCOL DECODE	text	8	120	0	0	1	16777215	-1	
SERIAL PROTOCOL DECODE	text	56	120	0	0	1	16777215	-1	
SERIAL PROTOCOL DECODE	text	448	120	0	0	1	16777215	-1	
SERIAL PROTOCOL DECODE	text	8	138	0	0	1	16777215	-1	
SERIAL PROTOCOL DECODE	text	56	138	0	0	1	16777215	-1	
SERIAL PROTOCOL DECODE	text	448	138	0	0	1	16777215	-1	
SERIAL PROTOCOL DECODE	text	8	156	0	0	1	16777215	-1	
SERIAL PROTOCOL DECODE	text	56	156	0	0	1	16777215	-1	
SERIAL PROTOCOL DECODE	text	448	156	0	0	1	16777215	-1	
SERIAL PROTOCOL DECODE	text	8	174	0	0	1	16777215	-1	
SERIAL PROTOCOL DECODE	text	56	174	0	0	1	16777215	-1	
SERIAL PROTOCOL DECODE	text	448	174	0	0	1	16777215	-1	
SERIAL PROTOCOL DECODE	text	8	192	0	0	1	16777215	-1	
SERIAL PROTOCOL DECODE	text	56	192	0	0	1	16777215	-1	
SERIAL PROTOCOL DECODE	text	448	192	0	0	1	16777215	-1	
SERIAL PROTOCOL DECODE	text	8	210	0	0	1	16777215	-1	
SERIAL PROTOCOL DECODE	text	56	210	0	0	1	16777215	-1	
SERIAL PROTOCOL DECODE	text	448	210	0	0	1	16777215	-1	
SERIAL PROTOCOL DECODE	text	8	228	0	0	1	16777215	-1	
SERIAL PROTOCOL DECODE	text	56	228	0	0	1	16777215	-1	
SERIAL PROTOCOL DECODE	text	448	228	0	0	1	16777215	-1	
SERIAL PROTOCOL DECODE	text	8	246	0	0	1	16777215	-1	
SERIAL PROTOCOL DECODE	text	56	246	0	0	1	16777215	-1	
SERIAL PROTOCOL DECODE	text	448	246	0	0	1	16777215	-1	
SERIAL PROTOCOL DECODE	text	8	264	0	0	1	16777215	-1	
SERIAL PROTOCOL DECODE	text	56	264	0	0	1	16777215	-1	
SERIAL PROTOCOL DECODE	text	448	264	0	0	1	16777215	-1	
SERIAL PROTOCOL DECODE	text	8	282	0	0	1	16777215	-1	
SERIAL PROTOCOL DECODE	text	56	282	0	0	1	16777215	-1	
SERIAL PROTOCOL DECODE	text	448	282	0	0	1	16777215	-1	
SERIAL PROTOCOL DECODE	text	8	300	0	0	1	16777215	-1	
SERIAL PROTOCOL DECODE	text	56	300	0	0	1	16777215	-1	
SERIAL PROTOCOL DECODE	text	448	300	0	0	1	16777215	-1	
SERIAL PROTOCOL DECODE	text	8	318	0	0	1	16777215	-1	
SERIAL PROTOCOL DECODE	text	56	318	0	0	1	16777215	-1	
SERIAL PROTOCOL DECODE	text	448	318	0	0	1	16777215	-1	
SERIAL PROTOCOL DECODE	rect	778	66	12	17	1	16777215	56575	
SERIAL PROTOCOL DECODE	rect	778	84	12	17	1	16777215	56575	
SERIAL PROTOCOL DECODE	rect	778	102	12	17	1	16777215	56575	
SERIAL PROTOCOL DECODE	rect	778	120	12	17	1	16777215	56575	
SERIAL PROTOCOL DECODE	rect	778	138	12	17	1	16777215	56575	
SERIAL PROTOCOL DECODE	rect	778	156	12	17	1	16777215	56575	
SERIAL PROTOCOL DECODE	rect	778	174	12	17	1	16777215	56575	
SERIAL PROTOCOL DECODE	rect	778	192	12	17	1	16777215	56575	
SERIAL PROTOCOL DECODE	rect	778	210	12	17	1	16777215	56575	
SERIAL PROTOCOL DECODE	rect	778	228	12	17	1	16777215	56575	
SERIAL PROTOCOL DECODE	rect	778	246	12	17	1	16777215	56575	
SERIAL PROTOCOL DECODE	rect	778	264	12	17	1	16777215	56575	
SERIAL PROTOCOL DECODE	rect	778	282	12	17	1	16777215	56575	
SERIAL PROTOCOL DECODE	rect	778	300	12	17	1	16777215	56575	
SERIAL PROTOCOL DECODE	rect	778	318	12	17	1	16777215	56575	
SERIAL PROTOCOL DECODE	text	8	342	0	0	1	11579568	-1	32 kB  ready -- max 32768 bytes, to a file
SERIAL PROTOCOL DECODE	text	430	342	0	0	1	11579568	-1	Mode=Exit to FRAME
SERIAL PROTOCOL DECODE	rect	662	339	128	20	1	16777215	-1	
SERIAL PROTOCOL DECODE	text	669	342	0	0	1	16760832	-1	EXT TRIG
SERIAL PROTOCOL DECODE	button	8	362	120	0	1	16777215	-1	Capture
SERIAL PROTOCOL DECODE	button	152	362	90	0	1	16777215	-1	View
SERIAL PROTOCOL DECODE	button	266	362	100	0	1	16777215	-1	Mode
SERIAL PROTOCOL DECODE	button	390	362	112	0	1	16777215	-1	NewLog
SERIAL PROTOCOL DECODE	button	526	362	112	0	1	16777215	-1	Save USB
SERIAL PROTOCOL DECODE	button	662	362	112	0	1	16777215	-1	Options
SERIAL DECODE OPTIONS	editopt	270	8	0	0	1	16777215	-1	Protocol	sets the wire parameters	UART / async
SERIAL DECODE OPTIONS	editnum	270	60	0	0	1	16777215	-1	Baud Rate	0 = auto-detect	0 Bd
SERIAL DECODE OPTIONS	editopt	270	112	0	0	1	16777215	-1	Data Bits	auto, or fix it	Auto (7/8)
SERIAL DECODE OPTIONS	editopt	270	164	0	0	1	16777215	-1	Parity	auto or fixed	Auto
SERIAL DECODE OPTIONS	editopt	270	216	0	0	1	16777215	-1	Polarity	idle level	Auto
SERIAL DECODE OPTIONS	editopt	270	268	0	0	1	16777215	-1	Trigger	capture start	Free run
SERIAL DECODE OPTIONS	editopt	270	320	0	0	1	16777215	-1	Rear BNC	trig in / flow-control out	Off
SERIAL DECODE OPTIONS	button	20	366	150	0	1	16777215	-1	Auto Detect
SERIAL DECODE OPTIONS	button	310	366	150	0	1	16777215	-1	Lock Detected
SERIAL DECODE OPTIONS	button	470	366	140	0	1	16777215	-1	Apply
SERIAL DECODE OPTIONS	button	630	366	140	0	1	16777215	-1	Cancel
